City_ID,City,Country,Date,Lat,Lng,Max Temp,Humidity,Cloudiness,Wind Speed
0,Hithadhoo,MV,2021-06-06 04:51:36,-0.6,73.0833,83.35,73,84,12.86
1,Quatre Cocos,MU,2021-06-06 04:51:37,-20.2078,57.7625,78.1,75,45,0.83
2,Pevek,RU,2021-06-06 04:51:37,69.7008,170.3133,49.33,59,86,9.01
3,East London,ZA,2021-06-06 04:49:24,-33.0153,27.9116,54.54,62,0,8.05
4,Praia Da Vitoria,PT,2021-06-06 04:51:37,38.7333,-27.0667,62.76,88,40,4.25
5,Vao,NC,2021-06-06 04:51:38,-22.6667,167.4833,71.38,67,67,20.62
6,Castro,BR,2021-06-06 04:51:38,-24.7911,-50.0119,57.49,74,58,2.21
7,The Valley,AI,2021-06-06 04:47:32,18.217,-63.0578,80.46,75,100,19.37
8,Albany,US,2021-06-06 04:51:38,42.6001,-73.9662,70.92,79,44,4.81
9,Sao Filipe,CV,2021-06-06 04:51:39,14.8961,-24.4956,76.12,69,86,10.4
10,Rikitea,PF,2021-06-06 04:51:39,-23.1203,-134.9692,75.87,83,67,14.67
11,Olginskaya,RU,2021-06-06 04:51:39,47.1879,39.9492,64.11,95,76,12.03
12,Sawakin,SD,2021-06-06 04:51:40,19.1059,37.3321,84.18,55,20,4.38
13,Kawalu,ID,2021-06-06 04:51:40,-7.3817,108.2082,88.63,50,23,4.43
14,Novyy Urengoy,RU,2021-06-06 04:51:40,66.0833,76.6333,42.49,62,73,13.0
15,Krasnoselkup,RU,2021-06-06 04:51:41,65.7,82.4667,42.19,55,71,17.27
16,Bambous Virieux,MU,2021-06-06 04:51:41,-20.3428,57.7575,78.22,88,75,1.54
17,Berlevag,NO,2021-06-06 04:51:41,70.8578,29.0864,42.21,73,7,20.38
18,Te Anau,NZ,2021-06-06 04:51:42,-45.4167,167.7167,43.75,91,13,1.88
19,Ushuaia,AR,2021-06-06 04:51:42,-54.8,-68.3,29.86,100,0,9.22
20,Butaritari,KI,2021-06-06 04:51:42,3.0707,172.7902,82.9,73,27,7.18
21,Kavieng,PG,2021-06-06 04:51:43,-2.5744,150.7967,82.4,74,100,1.52
22,Salalah,OM,2021-06-06 04:50:50,17.0151,54.0924,85.3,76,79,7.52
23,Townsville,AU,2021-06-06 04:50:32,-19.25,146.8,67.08,64,75,5.75
24,Dudinka,RU,2021-06-06 04:51:43,69.4058,86.1778,34.34,85,100,8.72
25,Bluff,NZ,2021-06-06 04:51:44,-46.6,168.3333,49.8,74,83,3.69
26,Kaitangata,NZ,2021-06-06 04:51:44,-46.2817,169.8464,51.93,64,64,1.7
27,Soroti,UG,2021-06-06 04:51:44,1.7146,33.6111,68.22,85,93,1.52
28,Tuktoyaktuk,CA,2021-06-06 04:51:44,69.4541,-133.0374,33.8,80,75,10.36
29,Flin Flon,CA,2021-06-06 04:51:45,54.7682,-101.865,56.89,95,86,1.57
30,Hermanus,ZA,2021-06-06 04:51:45,-34.4187,19.2345,62.91,39,12,8.95
31,Benguela,AO,2021-06-06 04:51:45,-12.5763,13.4055,71.55,78,56,3.36
32,Busselton,AU,2021-06-06 04:51:46,-33.65,115.3333,64.04,68,83,16.24
33,Punta Arenas,CL,2021-06-06 04:51:16,-53.15,-70.9167,37.51,87,90,13.98
34,Zalantun,CN,2021-06-06 04:51:46,48.0,122.7167,72.32,32,3,10.36
35,Nanortalik,GL,2021-06-06 04:51:46,60.1432,-45.2371,39.4,86,100,5.95
36,Victoria,HK,2021-06-06 04:47:17,22.2855,114.1577,87.85,73,33,1.99
37,Mataura,NZ,2021-06-06 04:51:47,-46.1927,168.8643,49.48,93,20,0.6
38,Vostok,RU,2021-06-06 04:51:47,46.4856,135.8833,53.56,91,100,5.3
39,Bethel,US,2021-06-06 04:51:47,41.3712,-73.414,77.92,65,1,5.75
40,Sarai Mir,IN,2021-06-06 04:51:47,26.0167,82.9167,91.38,33,35,12.86
41,Luderitz,NA,2021-06-06 04:51:48,-26.6481,15.1594,69.62,32,0,27.54
42,Provideniya,RU,2021-06-06 04:51:48,64.3833,-173.3,40.46,67,55,4.7
43,Geraldton,AU,2021-06-06 04:51:49,-28.7667,114.6,72.12,40,0,11.59
44,Cape Town,ZA,2021-06-06 04:47:27,-33.9258,18.4232,63.12,41,0,8.16
45,Pisco,PE,2021-06-06 04:51:49,-13.7,-76.2167,64.45,82,90,5.75
46,Puerto Ayora,EC,2021-06-06 04:51:49,-0.7393,-90.3518,72.55,92,18,5.99
47,Manokwari,ID,2021-06-06 04:51:50,-0.8667,134.0833,82.47,74,93,5.66
48,Kandrian,PG,2021-06-06 04:51:50,-6.2167,149.55,83.88,74,44,10.89
49,Esik,KZ,2021-06-06 04:51:12,43.3552,77.4525,63.82,52,58,6.89
50,Atuona,PF,2021-06-06 04:51:50,-9.8,-139.0333,79.21,70,15,14.25
51,Jamestown,US,2021-06-06 04:51:51,42.097,-79.2353,69.39,79,1,1.01
52,Naron,ES,2021-06-06 04:51:51,43.5167,-8.1528,61.59,90,27,5.12
53,Tatui,BR,2021-06-06 04:51:51,-23.3556,-47.8569,59.32,64,8,2.91
54,Carnarvon,AU,2021-06-06 04:51:52,-24.8667,113.6333,71.67,60,40,11.5
55,Port Elizabeth,ZA,2021-06-06 04:51:52,-33.918,25.5701,46.69,87,0,5.75
56,El Alto,PE,2021-06-06 04:51:52,-4.2714,-81.2147,65.05,86,100,12.28
57,Mehamn,NO,2021-06-06 04:51:53,71.0357,27.8492,42.26,76,10,20.54
58,Dalvik,IS,2021-06-06 04:51:53,65.9702,-18.5286,44.53,82,86,4.14
59,Mar Del Plata,AR,2021-06-06 04:51:53,-38.0023,-57.5575,47.12,63,0,4.0
60,Boyolangu,ID,2021-06-06 04:51:54,-8.1181,111.8935,85.96,66,17,7.18
61,Rongcheng,CN,2021-06-06 04:51:54,30.634,117.8517,90.9,40,0,1.99
62,Wasilla,US,2021-06-06 04:51:40,61.5814,-149.4394,66.18,43,1,3.44
63,Tiksi,RU,2021-06-06 04:51:54,71.6872,128.8694,45.39,51,92,6.38
64,Phangnga,TH,2021-06-06 04:51:55,8.4509,98.5298,91.81,62,100,8.21
65,Hasaki,JP,2021-06-06 04:51:55,35.7333,140.8333,73.69,96,100,5.97
66,Bredasdorp,ZA,2021-06-06 04:51:55,-34.5322,20.0403,47.52,66,2,5.93
67,Omboue,GA,2021-06-06 04:51:56,-1.5746,9.2618,75.99,92,100,3.6
68,Harper,LR,2021-06-06 04:51:56,4.375,-7.7169,76.87,90,90,3.85
69,Barrow,US,2021-06-06 04:51:56,71.2906,-156.7887,33.82,86,90,12.66
70,Hilo,US,2021-06-06 04:46:57,19.7297,-155.09,75.79,83,34,1.99
71,Port Alfred,ZA,2021-06-06 04:51:57,-33.5906,26.891,56.8,45,0,10.38
72,Cidreira,BR,2021-06-06 04:51:57,-30.1811,-50.2056,62.94,95,100,7.34
73,Ancud,CL,2021-06-06 04:51:57,-41.8697,-73.8203,46.22,83,95,4.88
74,Pangody,RU,2021-06-06 04:51:58,65.85,74.4859,43.72,65,99,9.93
75,Nelson Bay,AU,2021-06-06 04:51:58,-32.7167,152.15,65.77,58,0,1.99
76,Tiznit,MA,2021-06-06 04:51:58,29.5833,-9.5,61.34,66,64,0.6
77,Aksarka,RU,2021-06-06 04:51:58,66.5606,67.7975,44.04,44,42,18.23
78,Bathsheba,BB,2021-06-06 04:51:59,13.2167,-59.5167,81.21,65,20,17.56
79,Ribeira Grande,PT,2021-06-06 04:51:59,38.5167,-28.7,64.2,88,96,8.68
80,New Norfolk,AU,2021-06-06 04:51:59,-42.7826,147.0587,52.92,67,100,1.01
81,Marzuq,YE,2021-06-06 04:52:00,14.4,46.4667,84.6,16,7,1.97
82,Saint-Philippe,RE,2021-06-06 04:52:00,-21.3585,55.7679,76.48,80,61,0.87
83,Vaini,TO,2021-06-06 04:52:00,-21.2,-175.2,77.16,73,75,1.14
84,Arraial Do Cabo,BR,2021-06-06 04:52:01,-22.9661,-42.0278,72.68,87,0,20.65
85,Zyryanka,RU,2021-06-06 04:52:01,65.75,150.85,75.7,27,3,25.75
86,Fortuna,US,2021-06-06 04:52:01,40.5982,-124.1573,53.94,69,1,1.99
87,Ballina,AU,2021-06-06 04:52:02,-28.8667,153.5667,69.98,54,0,11.5
88,Kirakira,SB,2021-06-06 04:52:02,-10.4544,161.9205,83.26,77,93,8.05
89,Sivas,TR,2021-06-06 04:52:02,39.7916,37.0019,46.98,73,56,6.96
90,Tual,ID,2021-06-06 04:52:03,-5.6667,132.75,81.59,77,44,17.63
91,Hovd,MN,2021-06-06 04:52:03,48.0056,91.6419,55.58,16,8,12.8
92,Acala,MX,2021-06-06 04:52:03,16.5667,-92.8,73.71,91,85,1.57
93,Upernavik,GL,2021-06-06 04:52:04,72.7868,-56.1549,33.69,83,2,3.58
94,Luxor,EG,2021-06-06 04:52:04,25.6989,32.6421,76.89,33,3,11.7
95,Fairbanks,US,2021-06-06 04:47:29,64.8378,-147.7164,66.2,48,75,4.61
96,Yellowknife,CA,2021-06-06 04:52:05,62.456,-114.3525,57.72,54,20,9.22
97,Prince Rupert,CA,2021-06-06 04:52:05,54.3161,-130.3201,47.89,93,90,9.22
98,Adilcevaz,TR,2021-06-06 04:52:05,38.8039,42.7342,62.06,42,0,5.32
99,Hualmay,PE,2021-06-06 04:52:05,-11.0964,-77.6139,63.12,84,29,7.2
100,Anadyr,RU,2021-06-06 04:52:06,64.75,177.4833,48.7,66,0,15.88
101,Aykhal,RU,2021-06-06 04:52:06,66.0,111.5,50.38,35,92,17.47
102,Mahebourg,MU,2021-06-06 04:48:19,-20.4081,57.7,78.26,88,75,8.05
103,Dhana,IN,2021-06-06 04:52:06,23.75,78.85,93.42,37,45,14.2
104,Solikamsk,RU,2021-06-06 04:52:07,59.6196,56.7729,70.75,42,6,8.88
105,Tazmalt,DZ,2021-06-06 04:52:07,36.3868,4.3989,68.41,90,91,4.94
106,Constitucion,CL,2021-06-06 04:52:07,-35.3333,-72.4167,49.46,63,100,5.99
107,Puerto Rico,AR,2021-06-06 04:52:08,-26.796,-55.024,67.42,81,100,1.54
108,Leningradskiy,RU,2021-06-06 04:52:08,69.3833,178.4167,37.15,94,100,12.24
109,Kulhudhuffushi,MV,2021-06-06 04:52:08,6.6221,73.07,82.83,76,88,15.46
110,Lorengau,PG,2021-06-06 04:52:09,-2.0226,147.2712,81.7,77,98,7.0
111,Clyde River,CA,2021-06-06 04:52:09,70.4692,-68.5914,32.23,100,90,13.8
112,George,ZA,2021-06-06 04:52:09,-33.963,22.4617,63.95,20,0,2.3
113,Longyearbyen,SJ,2021-06-06 04:52:09,78.2186,15.6401,35.44,64,20,10.36
114,Avarua,CK,2021-06-06 04:52:10,-21.2078,-159.775,73.45,68,20,6.91
115,Nieuw Amsterdam,SR,2021-06-06 04:52:10,5.8833,-55.0833,76.01,92,72,6.42
116,Salta,AR,2021-06-06 04:50:45,-24.7859,-65.4117,61.09,76,75,1.99
117,Cabrobo,BR,2021-06-06 04:52:11,-8.5142,-39.31,68.7,91,41,11.81
118,Herran,CO,2021-06-06 04:52:11,7.5061,-72.4833,58.44,98,100,4.18
119,Hobart,AU,2021-06-06 04:50:57,-42.8794,147.3294,53.26,65,75,5.93
120,Yar-Sale,RU,2021-06-06 04:52:11,66.8333,70.8333,43.18,49,97,15.68
121,Ushtobe,KZ,2021-06-06 04:52:12,45.2514,77.9838,68.76,20,6,19.13
122,Norman Wells,CA,2021-06-06 04:52:12,65.282,-126.8329,48.24,71,90,10.36
123,Altea,ES,2021-06-06 04:52:12,38.5989,-0.0514,66.2,88,18,2.59
124,Tafalla,ES,2021-06-06 04:52:13,42.5269,-1.6745,57.06,90,100,7.09
125,Saldanha,ZA,2021-06-06 04:52:13,-33.0117,17.9442,66.0,35,30,21.9
126,Rockingham,US,2021-06-06 04:52:13,42.9668,-71.0995,75.97,86,91,3.47
127,Srednekolymsk,RU,2021-06-06 04:52:13,67.45,153.6833,72.41,26,12,20.78
128,Pangnirtung,CA,2021-06-06 04:52:14,66.1451,-65.7125,24.53,93,65,4.97
129,Northam,GB,2021-06-06 04:52:14,51.0333,-4.2167,57.34,97,100,4.81
130,Hamilton,US,2021-06-06 04:52:14,39.1834,-84.5333,71.58,83,1,3.74
131,Colares,PT,2021-06-06 04:52:15,38.7992,-9.4469,60.89,76,0,1.01
132,Noshiro,JP,2021-06-06 04:52:15,40.2039,140.0242,77.94,64,94,13.18
133,Launceston,AU,2021-06-06 04:52:15,-41.45,147.1667,52.81,80,75,1.01
134,Kerema,PG,2021-06-06 04:52:16,-7.9631,145.7785,80.26,83,69,6.38
135,Petropavlovsk-Kamchatskiy,RU,2021-06-06 04:52:16,53.0452,158.6483,43.39,87,90,6.96
136,Opuwo,NA,2021-06-06 04:52:16,-18.0607,13.84,51.24,39,0,10.25
137,Padre Bernardo,BR,2021-06-06 04:52:17,-15.35,-48.5,63.79,80,68,2.95
138,Aklavik,CA,2021-06-06 04:52:17,68.2191,-135.0107,45.32,79,98,6.31
139,Grobina,LV,2021-06-06 04:52:18,56.5352,21.1678,62.46,88,1,2.3
140,Ishigaki,JP,2021-06-06 04:52:18,24.3448,124.1572,78.93,94,75,17.27
141,Novonikolayevskiy,RU,2021-06-06 04:52:18,50.9738,42.3649,57.51,89,97,8.79
142,Kudahuvadhoo,MV,2021-06-06 04:52:18,2.6708,72.8944,83.37,74,48,14.07
143,Guerrero Negro,MX,2021-06-06 04:52:19,27.9769,-114.0611,62.76,85,95,12.19
144,Stepnogorsk,KZ,2021-06-06 04:52:19,52.3544,71.8869,64.69,34,0,5.75
145,Odweyne,SO,2021-06-06 04:52:20,9.4092,45.064,77.45,48,1,15.46
146,Wilmington,US,2021-06-06 04:48:34,34.2257,-77.9447,76.91,89,1,5.75
147,Grindavik,IS,2021-06-06 04:52:20,63.8424,-22.4338,47.55,93,75,18.41
148,Jucuaran,SV,2021-06-06 04:52:20,13.2539,-88.2478,68.61,89,90,1.77
149,Gusinoye Ozero,RU,2021-06-06 04:52:21,51.1144,106.2614,50.59,66,100,24.0
150,Vanimo,PG,2021-06-06 04:52:21,-2.6741,141.3028,83.79,74,84,5.23
151,Qaanaaq,GL,2021-06-06 04:52:21,77.484,-69.3632,34.54,65,66,7.07
152,Maceio,BR,2021-06-06 04:52:22,-9.6658,-35.7353,74.64,88,75,8.41
153,Winnemucca,US,2021-06-06 04:52:22,40.973,-117.7357,78.85,15,1,16.11
154,New Glasgow,CA,2021-06-06 04:50:52,45.5834,-62.6486,67.1,87,100,10.45
155,Kapaa,US,2021-06-06 04:51:23,22.0752,-159.319,79.12,70,20,1.01
156,Salvador,SV,2021-06-06 04:48:19,13.8333,-88.9167,72.0,97,93,0.72
157,Polunochnoye,RU,2021-06-06 04:52:23,60.8697,60.4153,74.73,33,61,9.57
158,Kanniyakumari,IN,2021-06-06 04:52:23,8.0833,77.5667,84.33,73,92,15.88
159,Qianan,CN,2021-06-06 04:52:23,44.9932,124.0581,70.02,46,78,5.5
160,Souillac,MU,2021-06-06 04:52:24,-20.5167,57.5167,78.37,88,75,0.22
161,Mackenzie,CA,2021-06-06 04:52:24,55.2999,-123.1698,57.42,41,75,2.3
162,Jiexiu,CN,2021-06-06 04:52:24,37.0244,111.9125,92.62,12,29,12.44
163,Kahului,US,2021-06-06 04:48:02,20.8947,-156.47,80.62,70,20,21.85
164,Guia Lopes Da Laguna,BR,2021-06-06 04:52:25,-21.4578,-56.1142,74.84,37,100,3.27
165,Beringovskiy,RU,2021-06-06 04:52:25,63.05,179.3167,39.42,86,65,4.18
166,Muravlenko,RU,2021-06-06 04:52:25,63.7898,74.523,51.37,47,100,15.39
167,Bakaly,RU,2021-06-06 04:52:26,55.1789,53.8028,63.73,49,19,8.84
168,Mackay,AU,2021-06-06 04:52:26,-21.15,149.2,73.69,60,81,17.27
169,Lebu,CL,2021-06-06 04:52:26,-37.6167,-73.65,48.24,77,94,10.13
170,Morgan City,US,2021-06-06 04:52:27,29.6994,-91.2068,78.01,94,90,8.32
171,Nuuk,GL,2021-06-06 04:52:27,64.1835,-51.7216,40.87,86,100,7.43
172,Moose Factory,CA,2021-06-06 04:52:27,51.2585,-80.6094,33.8,93,1,3.44
173,Luwuk,ID,2021-06-06 04:52:28,-0.9516,122.7875,85.75,69,48,8.03
174,Kerouane,GN,2021-06-06 04:52:28,9.2667,-9.0167,68.13,97,97,3.74
175,Cockburn Town,TC,2021-06-06 04:52:28,21.4612,-71.1419,79.92,81,0,23.06
176,Necochea,AR,2021-06-06 04:52:29,-38.5473,-58.7368,45.77,69,0,10.67
177,Great Yarmouth,GB,2021-06-06 04:52:29,52.6083,1.7305,58.95,90,19,4.27
178,Lazaro Cardenas,MX,2021-06-06 04:52:29,17.9583,-102.2,81.46,77,67,3.22
179,Atar,MR,2021-06-06 04:52:30,20.5169,-13.0499,85.84,16,100,11.95
180,Dikson,RU,2021-06-06 04:52:30,73.5069,80.5464,30.78,97,100,11.27
181,Chokurdakh,RU,2021-06-06 04:52:30,70.6333,147.9167,37.83,71,100,16.06
182,Alugan,PH,2021-06-06 04:52:31,12.2188,125.4808,83.84,76,70,2.01
183,Oranjemund,NA,2021-06-06 04:52:31,-28.55,16.4333,64.06,36,0,22.03
184,Caraballeda,VE,2021-06-06 04:52:31,10.6112,-66.8522,80.37,85,100,9.84
185,Kushima,JP,2021-06-06 04:52:32,31.4583,131.2333,74.71,76,100,5.79
186,Oron,NG,2021-06-06 04:52:32,4.8256,8.2343,74.53,94,100,2.55
187,Saskylakh,RU,2021-06-06 04:52:32,71.9167,114.0833,45.01,44,87,11.79
188,Les Herbiers,FR,2021-06-06 04:52:32,46.8667,-1.0167,52.59,80,23,5.46
189,Marawi,PH,2021-06-06 04:52:33,7.9986,124.2928,77.65,90,95,3.78
190,Komsomolskiy,UZ,2021-06-06 04:52:33,40.4272,71.7189,95.72,15,0,6.91
191,Lukulu,ZM,2021-06-06 04:52:33,-14.3707,23.242,48.65,87,77,5.59
192,Bastia,FR,2021-06-06 04:50:51,42.6667,9.3333,65.3,95,20,2.53
193,Hofn,IS,2021-06-06 04:52:34,64.2539,-15.2082,46.81,96,100,8.1
194,Burley,US,2021-06-06 04:52:34,42.5357,-113.7928,71.56,33,1,13.8
195,Bulungu,CD,2021-06-06 04:52:34,-4.55,18.6,72.52,51,66,1.39
196,Belyy Yar,RU,2021-06-06 04:52:35,53.6039,91.3903,48.09,87,75,15.75
197,Gawler,AU,2021-06-06 04:52:35,-34.6,138.7333,69.26,55,59,12.41
198,Dali,CN,2021-06-06 04:52:35,25.7,100.1833,76.19,56,52,3.15
199,Rockport,US,2021-06-06 04:51:15,28.0206,-97.0544,82.42,83,1,4.0
200,Sakakah,SA,2021-06-06 04:52:36,29.9697,40.2064,78.37,18,0,8.68
201,Lata,PT,2021-06-06 04:52:36,40.1629,-8.3327,59.81,88,0,1.16
202,Cubarral,CO,2021-06-06 04:52:36,3.7935,-73.8406,69.58,91,99,4.94
203,Carauari,BR,2021-06-06 04:52:37,-4.8828,-66.8958,72.55,99,100,1.39
204,San Jose,US,2021-06-06 04:47:57,37.3394,-121.895,65.7,68,40,3.0
205,Fukue,JP,2021-06-06 04:52:37,32.6881,128.8419,73.76,78,75,6.91
206,Jingdezhen,CN,2021-06-06 04:52:37,29.2947,117.2079,87.26,45,0,3.29
207,Isangel,VU,2021-06-06 04:52:38,-19.55,169.2667,77.11,73,75,15.17
208,Bonthe,SL,2021-06-06 04:52:38,7.5264,-12.505,79.2,84,93,3.87
209,Yorkton,CA,2021-06-06 04:52:38,51.2167,-102.4677,73.24,35,75,10.36
210,Zhangye,CN,2021-06-06 04:52:39,38.9342,100.4517,68.31,44,100,12.84
211,Tateyama,JP,2021-06-06 04:52:39,34.9833,139.8667,69.98,96,100,8.16
212,Klaksvik,FO,2021-06-06 04:52:39,62.2266,-6.589,49.12,93,75,10.49
213,Ambulu,ID,2021-06-06 04:52:40,-8.345,113.6058,86.81,63,4,7.43
214,Usogorsk,RU,2021-06-06 04:52:40,63.4106,48.6872,65.23,53,58,7.63
215,Kipini,KE,2021-06-06 04:52:40,-2.5257,40.5262,78.06,80,56,17.85
216,Curup,ID,2021-06-06 04:52:41,-3.4667,102.5333,82.45,59,34,4.05
217,Imbituba,BR,2021-06-06 04:51:09,-28.24,-48.6703,69.69,90,63,17.36
218,Airai,TL,2021-06-06 04:52:41,-8.9266,125.4092,69.01,67,67,3.69
219,Muzhi,RU,2021-06-06 04:52:41,65.3667,64.6667,47.75,41,36,20.09
220,Lago Da Pedra,BR,2021-06-06 04:52:42,-4.3333,-45.1667,71.2,87,3,0.92
221,Tessalit,ML,2021-06-06 04:52:42,20.1986,1.0114,90.79,11,7,11.86
222,Buala,SB,2021-06-06 04:52:42,-8.145,159.5921,84.6,70,35,8.25
223,Ponta Delgada,PT,2021-06-06 04:52:42,37.7333,-25.6667,57.92,88,20,2.3
224,Lagoa,PT,2021-06-06 04:52:43,39.05,-27.9833,62.92,89,99,10.16
225,Andenes,NO,2021-06-06 04:52:43,69.3143,16.1194,51.08,87,90,10.36
226,Zhigansk,RU,2021-06-06 04:52:43,66.7697,123.3711,56.26,30,61,7.85
227,Fort Nelson,CA,2021-06-06 04:52:44,58.8053,-122.7002,53.19,82,75,4.61
228,Coihaique,CL,2021-06-06 04:52:44,-45.5752,-72.0662,39.15,75,75,5.75
229,Batemans Bay,AU,2021-06-06 04:52:44,-35.7167,150.1833,66.2,47,5,6.33
230,Jiuquan,CN,2021-06-06 04:52:45,39.7432,98.5174,86.34,15,47,19.64
231,Eskilstuna,SE,2021-06-06 04:52:45,59.3666,16.5077,63.86,66,84,1.99
232,Chuy,UY,2021-06-06 04:52:45,-33.6971,-53.4616,50.56,90,100,7.76
233,Labuan,MY,2021-06-06 04:52:46,5.2767,115.2417,86.16,94,40,3.0
234,Nkongsamba,CM,2021-06-06 04:52:46,4.9547,9.9404,65.5,98,100,2.57
235,Vardo,NO,2021-06-06 04:52:46,70.3705,31.1107,42.57,69,26,16.42
236,Nalut,LY,2021-06-06 04:52:47,30.3333,10.85,76.51,21,96,18.99
237,Broome,US,2021-06-06 04:52:47,42.2506,-75.833,70.0,77,77,3.38
238,Annau,TM,2021-06-06 04:52:47,37.8876,58.516,80.1,41,0,10.27
239,Along,IN,2021-06-06 04:52:48,28.1667,94.7667,82.15,67,97,2.24
240,Takhtamygda,RU,2021-06-06 04:52:48,54.1,123.5667,81.39,24,7,8.5
241,Kruisfontein,ZA,2021-06-06 04:52:48,-34.0033,24.7314,51.48,26,0,10.07
242,Beloha,MG,2021-06-06 04:52:49,-25.1667,45.05,62.15,72,1,5.01
243,Chapada Dos Guimaraes,BR,2021-06-06 04:50:14,-15.4606,-55.7497,67.66,49,100,4.85
244,Grand-Lahou,CI,2021-06-06 04:52:49,5.1367,-5.0242,77.94,88,74,4.45
245,Vestmanna,FO,2021-06-06 04:52:49,62.1564,-7.1664,47.32,100,90,9.93
246,La Union,PE,2021-06-06 04:52:50,-5.4,-80.75,68.74,73,98,10.09
247,Ukiah,US,2021-06-06 04:52:50,39.1502,-123.2078,62.37,68,81,4.81
248,Ilulissat,GL,2021-06-06 04:52:50,69.2167,-51.1,34.11,93,25,10.11
249,Goundi,TD,2021-06-06 04:52:51,9.3627,17.366,75.15,73,100,7.25
250,Saint-Pierre,RE,2021-06-06 04:52:51,-21.3393,55.4781,76.57,83,75,6.91
251,Irbit,RU,2021-06-06 04:52:51,57.6705,63.071,72.82,39,2,6.82
252,Severo-Kurilsk,RU,2021-06-06 04:52:52,50.6789,156.125,47.19,89,75,9.46
253,Asau,RO,2021-06-06 04:52:52,46.4333,26.4,58.75,91,56,2.35
254,San Cristobal,VE,2021-06-06 04:52:52,7.7669,-72.225,66.42,99,100,2.77
255,Santa Catalina,PH,2021-06-06 04:52:53,9.3337,122.8637,87.78,79,100,9.08
256,Shache,CN,2021-06-06 04:52:53,38.4167,77.2406,91.98,12,0,4.36
257,Ewing,US,2021-06-06 04:52:53,40.2698,-74.7999,80.31,72,1,0.0
258,Khatanga,RU,2021-06-06 04:52:53,71.9667,102.5,37.96,69,100,11.34
259,Manavalakurichi,IN,2021-06-06 04:52:54,8.1333,77.3,86.09,70,88,12.64
260,Kletskaya,RU,2021-06-06 04:52:54,49.3145,43.0584,62.51,77,97,8.9
261,Quelimane,MZ,2021-06-06 04:52:55,-17.8786,36.8883,63.99,92,67,4.79
262,Antalaha,MG,2021-06-06 04:52:55,-14.9003,50.2788,74.77,84,99,5.19
263,Sao Joao Da Barra,BR,2021-06-06 04:52:55,-21.6403,-41.0511,71.53,89,0,9.01
264,Santa Isabel Do Rio Negro,BR,2021-06-06 04:52:56,-0.4139,-65.0192,72.59,99,84,2.86
265,Tucupita,VE,2021-06-06 04:52:56,9.0622,-62.051,72.54,99,100,3.33
266,Touros,BR,2021-06-06 04:52:56,-5.1989,-35.4608,74.3,90,57,11.27
267,Hede,CN,2021-06-06 04:52:56,33.7681,120.2517,97.39,22,0,10.36
268,Nizhniy Tsasuchey,RU,2021-06-06 04:52:57,50.5167,115.1333,84.13,18,0,12.82
269,Richards Bay,ZA,2021-06-06 04:51:43,-28.783,32.0377,60.91,84,99,2.48
270,Vagur,FO,2021-06-06 04:52:57,61.4732,-6.8119,47.98,93,66,14.36
271,Bengkulu,ID,2021-06-06 04:49:16,-3.8004,102.2655,83.97,68,13,5.35
272,Mastung,PK,2021-06-06 04:52:58,29.7994,66.845,83.88,29,0,2.48
273,Kamenka,RU,2021-06-06 04:52:58,51.3223,42.7678,57.06,92,100,9.13
274,Fare,PF,2021-06-06 04:52:58,-16.7,-151.0167,80.87,74,5,9.42
275,Bassila,BJ,2021-06-06 04:52:58,9.0081,1.6654,71.11,94,49,2.39
276,Laguna,US,2021-06-06 04:52:59,38.421,-121.4238,82.9,39,1,8.08
277,Maniwaki,CA,2021-06-06 04:52:59,46.3834,-75.966,61.34,94,71,2.57
278,Tambopata,PE,2021-06-06 04:52:59,-12.7333,-69.1833,75.13,79,100,0.04
279,Beisfjord,NO,2021-06-06 04:53:00,68.3751,17.5988,56.05,56,31,2.1
280,Parfenyevo,RU,2021-06-06 04:53:00,58.484,43.4088,66.51,58,11,3.65
281,Honiara,SB,2021-06-06 04:49:55,-9.4333,159.95,82.67,79,93,1.79
282,Mandalgovi,MN,2021-06-06 04:53:01,45.7625,106.2708,80.01,24,10,8.37
283,Kirovskiy,RU,2021-06-06 04:53:01,45.0917,133.5136,62.29,80,98,6.42
284,Konigs Wusterhausen,DE,2021-06-06 04:53:01,52.3014,13.633,66.25,83,0,5.55
285,Pacific Grove,US,2021-06-06 04:50:21,36.6177,-121.9166,58.86,84,90,3.0
286,Verkhnevilyuysk,RU,2021-06-06 04:53:02,63.4453,120.3167,57.79,47,98,7.36
287,Acapulco,MX,2021-06-06 04:53:02,16.8634,-99.8901,82.17,77,76,3.89
288,Katunayaka,LK,2021-06-06 04:53:02,7.1643,79.8757,86.0,79,40,6.91
289,Kurilsk,RU,2021-06-06 04:53:03,45.2333,147.8833,56.95,66,4,1.39
290,Hobyo,SO,2021-06-06 04:53:03,5.3505,48.5268,80.67,74,37,20.62
291,Odesskoye,RU,2021-06-06 04:53:03,54.2111,72.9651,68.61,41,6,7.81
292,Poum,NC,2021-06-06 04:53:04,-20.2333,164.0167,73.8,63,100,21.72
293,Tkibuli,GE,2021-06-06 04:53:04,42.3477,42.9981,56.44,77,86,1.48
294,Abeche,TD,2021-06-06 04:53:04,13.8292,20.8324,79.14,61,98,12.06
295,Beyla,GN,2021-06-06 04:53:05,8.6833,-8.6333,67.55,99,96,3.78
296,Narsaq,GL,2021-06-06 04:53:05,60.9167,-46.05,41.49,85,100,1.97
297,San Prisco,IT,2021-06-06 04:53:05,41.0871,14.2782,68.77,65,86,1.01
298,Haines Junction,CA,2021-06-06 04:53:06,60.7522,-137.5108,55.35,54,98,4.61
299,Lavrentiya,RU,2021-06-06 04:53:06,65.5833,-171.0,35.83,80,89,12.24
300,Port Shepstone,ZA,2021-06-06 04:53:06,-30.7414,30.455,56.01,65,21,7.11
301,Xining,CN,2021-06-06 04:53:07,36.6167,101.7667,58.46,59,100,5.66
302,Usinsk,RU,2021-06-06 04:53:07,65.9939,57.5281,46.71,45,12,13.18
303,Cherskiy,RU,2021-06-06 04:53:07,68.75,161.3,71.2,26,25,20.65
304,Cabo San Lucas,MX,2021-06-06 04:53:07,22.8909,-109.9124,85.8,56,1,11.81
305,Talnakh,RU,2021-06-06 04:53:08,69.4865,88.3972,32.83,96,100,5.7
306,Kodiak,US,2021-06-06 04:53:08,57.79,-152.4072,52.25,65,84,3.62
307,Varasti,RO,2021-06-06 04:53:08,44.2378,26.2486,67.21,68,92,2.42
308,Agirish,RU,2021-06-06 04:53:09,61.9247,63.0231,70.75,40,62,9.95
309,Avera,US,2021-06-06 04:53:09,33.194,-82.5271,74.86,95,100,5.01
310,Caravelas,BR,2021-06-06 04:53:09,-17.7125,-39.2481,71.42,91,16,5.95
311,Cortez,US,2021-06-06 04:53:09,37.3489,-108.5859,67.69,38,76,3.83
312,Iqaluit,CA,2021-06-06 04:53:10,63.7506,-68.5145,29.93,100,90,3.0
313,Cocobeach,GA,2021-06-06 04:53:10,1.0002,9.5823,80.53,84,100,2.77
314,Waingapu,ID,2021-06-06 04:53:11,-9.6567,120.2641,84.94,64,41,11.27
315,Camacha,PT,2021-06-06 04:53:11,33.0833,-16.3333,63.36,72,75,12.66
316,Mosquera,CO,2021-06-06 04:53:11,4.7059,-74.2302,55.49,94,75,3.44
317,Belaya Gora,RU,2021-06-06 04:53:11,68.5333,146.4167,49.93,50,94,25.3
318,Torbay,CA,2021-06-06 04:53:12,47.6666,-52.7314,54.75,98,90,13.8
319,Atbasar,KZ,2021-06-06 04:53:12,51.8,68.3333,65.44,30,16,9.71
320,Kindia,GN,2021-06-06 04:53:12,10.0569,-12.8658,71.42,97,71,1.39
321,Namibe,AO,2021-06-06 04:53:13,-15.1961,12.1522,70.75,55,41,0.87
322,Barcelos,PT,2021-06-06 04:51:53,41.5388,-8.6151,58.91,82,0,1.7
323,Adrar,MR,2021-06-06 04:53:13,20.5022,-10.0711,85.75,13,32,18.68
324,Esna,EG,2021-06-06 04:53:14,25.2934,32.554,75.22,33,8,18.39
325,Neuquen,AR,2021-06-06 04:53:14,-38.9516,-68.0591,47.39,45,92,7.85
326,Tilichiki,RU,2021-06-06 04:53:14,60.4667,166.1,44.62,80,100,11.79
327,Sapele,NG,2021-06-06 04:53:15,5.8941,5.6767,73.45,97,79,1.61
328,Enshi,CN,2021-06-06 04:53:15,30.3,109.4833,89.58,40,79,1.97
329,Ewa Beach,US,2021-06-06 04:53:15,21.3156,-158.0072,79.99,63,40,18.99
330,La Baneza,ES,2021-06-06 04:53:16,42.3003,-5.8977,56.08,80,2,1.03
331,Swellendam,ZA,2021-06-06 04:53:16,-34.0226,20.4417,46.78,21,0,8.43
332,Inuvik,CA,2021-06-06 04:53:16,68.3499,-133.7218,45.36,74,20,12.66
333,Berovo,MK,2021-06-06 04:53:17,41.7031,22.8578,60.01,64,2,1.81
334,Cayenne,GF,2021-06-06 04:53:17,4.9333,-52.3333,75.24,90,90,5.99
335,Kargasok,RU,2021-06-06 04:53:17,59.0556,80.8572,68.65,44,97,9.06
336,Alofi,NU,2021-06-06 04:53:17,-19.0595,-169.9187,75.09,73,26,8.05
337,Georgetown,MY,2021-06-06 04:53:18,5.4112,100.3354,88.9,68,40,5.01
338,Aguimes,ES,2021-06-06 04:53:18,27.9054,-15.4461,63.23,68,40,19.57
339,Camocim,BR,2021-06-06 04:53:18,-2.9022,-40.8411,73.71,89,0,7.38
340,Banepa,NP,2021-06-06 04:53:19,27.6298,85.5214,77.32,69,40,4.38
341,Sitka,US,2021-06-06 04:53:19,57.0531,-135.33,48.7,91,95,2.75
342,Thompson,CA,2021-06-06 04:53:20,55.7435,-97.8558,53.76,94,75,9.22
343,Iquitos,PE,2021-06-06 04:53:20,-3.7481,-73.2472,75.24,94,75,0.0
344,Humaita,BR,2021-06-06 04:51:15,-7.5061,-63.0208,78.93,76,100,2.1
345,Alta Floresta,BR,2021-06-06 04:53:20,-9.8756,-56.0861,71.38,68,99,4.03
346,Shimoda,JP,2021-06-06 04:53:21,34.6667,138.95,71.71,96,100,9.4
347,Palu,ID,2021-06-06 04:52:09,-0.8917,119.8707,85.06,86,70,2.73
348,Kununurra,AU,2021-06-06 04:53:21,-15.7667,128.7333,82.38,23,64,8.05
349,Presidencia Roque Saenz Pena,AR,2021-06-06 04:53:21,-26.7852,-60.4388,66.52,93,100,7.58
350,Tasiilaq,GL,2021-06-06 04:53:22,65.6145,-37.6368,37.44,96,100,4.25
351,Oudtshoorn,ZA,2021-06-06 04:53:22,-33.5907,22.2014,62.96,19,0,7.58
352,Yaan,NG,2021-06-06 04:53:22,7.3833,8.5667,72.46,96,100,4.76
353,Mildura,AU,2021-06-06 04:53:23,-34.2,142.15,67.06,52,12,9.22
354,Krasnik,PL,2021-06-06 04:53:23,50.9236,22.2271,58.55,83,4,6.08
355,Shirokiy,RU,2021-06-06 04:53:23,49.758,129.523,67.73,52,7,3.36
356,Pingdingshan,CN,2021-06-06 04:51:40,33.7385,113.3012,97.93,28,1,9.37
357,Zaliztsi,UA,2021-06-06 04:53:24,49.7919,25.373,56.01,84,45,8.16
358,Faya,SA,2021-06-06 04:53:24,18.3851,42.4509,68.52,36,0,2.75
359,Hirara,JP,2021-06-06 04:53:24,24.8,125.2833,88.07,79,75,25.32
360,Nikolskoye,RU,2021-06-06 04:53:24,59.7035,30.7861,64.4,55,100,3.22
361,Olafsvik,IS,2021-06-06 04:53:25,64.8945,-23.7142,47.08,87,96,8.05
362,Florianopolis,BR,2021-06-06 04:53:25,-27.6146,-48.5012,72.41,94,0,1.99
363,Sur,OM,2021-06-06 04:53:25,22.5667,59.5289,92.8,53,23,6.35
364,Ovruch,UA,2021-06-06 04:53:26,51.3246,28.8035,59.07,79,89,4.34
365,Sanger,US,2021-06-06 04:53:26,36.708,-119.556,83.91,37,77,1.99
366,Nantucket,US,2021-06-06 04:53:26,41.2835,-70.0995,71.71,83,62,16.82
367,Elblag,PL,2021-06-06 04:53:27,54.1522,19.4088,60.13,74,0,4.9
368,Banjar,ID,2021-06-06 04:53:27,-8.19,114.9675,87.66,66,24,3.42
369,Lafia,NG,2021-06-06 04:53:27,8.4833,8.5167,74.26,87,94,1.86
370,Hyderabad,IN,2021-06-06 04:50:10,17.3753,78.4744,83.71,89,75,3.44
371,Abaete,BR,2021-06-06 04:53:28,-19.16,-45.4458,62.08,89,47,1.45
372,Qaqortoq,GL,2021-06-06 04:53:28,60.7167,-46.0333,39.42,88,100,3.31
373,Umm Lajj,SA,2021-06-06 04:53:28,25.0213,37.2685,82.44,59,1,8.3
374,Kizema,RU,2021-06-06 04:53:28,61.113,44.8302,74.17,43,2,1.7
375,Puerto Del Rosario,ES,2021-06-06 04:53:29,28.5004,-13.8627,65.95,68,50,12.66
376,Reinosa,ES,2021-06-06 04:53:29,42.9996,-4.138,49.21,85,35,1.74
377,Carahue,CL,2021-06-06 04:53:29,-38.7,-73.1667,41.2,95,97,1.16
378,Juneau,US,2021-06-06 04:53:30,58.3019,-134.4197,52.21,97,100,1.99
379,Matara,LK,2021-06-06 04:53:30,5.9485,80.5353,85.55,69,82,12.59
380,Ponta Do Sol,PT,2021-06-06 04:53:30,32.6667,-17.1,66.83,76,56,6.04
381,Santa Maria,BR,2021-06-06 04:53:31,-29.6842,-53.8069,61.83,98,100,3.24
382,Matay,EG,2021-06-06 04:53:31,28.419,30.7792,69.93,60,9,15.01
383,Hay River,CA,2021-06-06 04:52:30,60.8156,-115.7999,53.58,58,40,1.14
384,San Quintin,MX,2021-06-06 04:53:31,30.4833,-115.95,67.44,85,2,4.72
385,Kalmunai,LK,2021-06-06 04:53:32,7.4167,81.8167,86.43,62,87,1.03
386,Peterhead,GB,2021-06-06 04:53:32,57.5058,-1.7981,56.44,93,9,9.75
387,Kaniama,CD,2021-06-06 04:53:32,-7.5667,24.1833,64.81,61,20,6.42
388,Broken Hill,AU,2021-06-06 04:53:33,-31.95,141.4333,64.11,48,20,9.22
389,Ahipara,NZ,2021-06-06 04:53:33,-35.1667,173.1667,58.64,94,100,13.38
390,Platteville,US,2021-06-06 04:53:33,42.7342,-90.4785,79.65,73,1,6.91
391,Divnomorskoye,RU,2021-06-06 04:53:34,44.5011,38.1353,62.19,82,71,6.98
392,Pemangkat,ID,2021-06-06 04:53:34,1.1667,108.9667,85.24,66,62,9.82
393,Birjand,IR,2021-06-06 04:53:34,32.8663,59.2211,88.27,9,0,6.91
394,Obera,AR,2021-06-06 04:53:34,-27.4871,-55.1199,63.75,95,100,3.15
395,Tigil,RU,2021-06-06 04:53:35,57.8,158.6667,53.2,82,99,5.26
396,Puerto Leguizamo,CO,2021-06-06 04:53:35,-0.1934,-74.7819,71.1,99,86,1.9
397,Mugur-Aksy,RU,2021-06-06 04:53:35,50.35,90.5,43.45,32,83,11.23
398,Santa Marta,CO,2021-06-06 04:53:36,11.2408,-74.199,79.34,83,83,12.75
399,Garowe,SO,2021-06-06 04:53:36,8.4054,48.4845,81.19,53,35,20.87
400,Kaeo,NZ,2021-06-06 04:53:36,-35.1,173.7833,59.32,94,100,14.83
401,Bantogon,PH,2021-06-06 04:53:37,6.5333,124.0333,81.48,72,64,6.6
402,Miguel Alves,BR,2021-06-06 04:53:37,-4.1656,-42.8953,70.92,89,4,1.3
403,Sao Lourenco Do Sul,BR,2021-06-06 04:53:37,-31.3653,-51.9783,57.88,94,100,8.59
404,Yamada,JP,2021-06-06 04:53:38,39.4667,141.95,74.17,58,95,10.33
405,Wadena,US,2021-06-06 04:53:38,46.4425,-95.1361,80.35,57,1,8.05
406,Moussoro,TD,2021-06-06 04:53:38,13.6408,16.4901,86.95,48,85,8.28
407,Nuevo Progreso,MX,2021-06-06 04:53:39,23.1667,-97.95,80.6,81,93,1.01
408,Los Alamos,US,2021-06-06 04:51:01,35.8881,-106.307,67.78,36,1,13.8
409,Newark,US,2021-06-06 04:50:36,40.7357,-74.1724,82.35,60,1,11.5
410,Meulaboh,ID,2021-06-06 04:53:39,4.1363,96.1285,84.34,66,92,5.26
411,Ailigandi,PA,2021-06-06 04:53:40,9.2333,-78.0167,79.43,86,50,5.32
412,Ampanihy,MG,2021-06-06 04:53:40,-24.7,44.75,60.66,73,0,8.01
413,Itarema,BR,2021-06-06 04:53:40,-2.9248,-39.9167,75.63,89,0,10.8
414,Dawson Creek,CA,2021-06-06 04:53:41,55.7666,-120.2362,58.96,38,1,13.8
415,Maridi,SS,2021-06-06 04:53:41,4.9158,29.4742,66.07,98,100,4.9
416,Houma,US,2021-06-06 04:53:41,29.5958,-90.7195,78.01,88,90,12.66
417,Saint-Augustin,CA,2021-06-06 04:53:41,51.226,-58.6502,47.55,83,100,19.39
418,Altona,DE,2021-06-06 04:53:42,53.55,9.9333,63.14,93,90,6.91
419,Lasa,IT,2021-06-06 04:53:42,46.6166,10.7002,58.08,94,100,5.01
420,Port Blair,IN,2021-06-06 04:53:42,11.6667,92.75,86.05,71,100,12.46
421,Whitianga,NZ,2021-06-06 04:53:43,-36.8333,175.7,57.02,87,100,9.13
422,Gizo,SB,2021-06-06 04:53:43,-8.103,156.8419,83.07,75,71,6.31
423,Moerai,PF,2021-06-06 04:53:43,-22.4333,-151.3333,76.66,85,87,16.28
424,Martaban,MM,2021-06-06 04:53:44,16.5314,97.6111,82.38,77,100,8.32
425,Tupik,RU,2021-06-06 04:53:44,54.4253,119.9327,79.72,28,51,10.71
426,Medina,SA,2021-06-06 04:53:44,24.4686,39.6142,93.63,8,0,5.48
427,Kukuna,SL,2021-06-06 04:53:45,9.4,-12.6667,75.72,96,88,1.59
428,Bosaso,SO,2021-06-06 04:53:45,11.2842,49.1816,93.18,49,0,10.36
429,Saryg-Sep,RU,2021-06-06 04:53:45,51.5,95.6,43.5,89,100,3.8
430,Itacoatiara,BR,2021-06-06 04:53:46,-3.1431,-58.4442,73.24,96,82,2.55
431,Mnogovershinnyy,RU,2021-06-06 04:53:46,53.9353,139.9242,35.76,96,100,8.08
432,Shahr-E Kord,IR,2021-06-06 04:53:46,32.3256,50.8644,67.77,22,0,4.61
433,Yarmouth,US,2021-06-06 04:53:47,41.7057,-70.2286,73.45,81,1,7.0
434,Udachnyy,RU,2021-06-06 04:53:47,66.4167,112.4,53.4,31,90,14.54
435,Energetik,RU,2021-06-06 04:53:47,51.7445,58.7934,66.96,28,100,9.95
436,Rio Grande,BR,2021-06-06 04:50:15,-32.035,-52.0986,57.94,91,100,13.04
437,Samarai,PG,2021-06-06 04:53:47,-10.6167,150.6667,78.8,86,93,16.33
438,Emba,KZ,2021-06-06 04:53:48,48.8264,58.1442,67.59,33,88,16.55
439,Port Hardy,CA,2021-06-06 04:53:48,50.6996,-127.4199,50.18,81,90,3.44
440,Eureka,US,2021-06-06 04:53:48,40.8021,-124.1637,54.21,79,100,8.01
441,Tuatapere,NZ,2021-06-06 04:50:09,-46.1333,167.6833,49.82,85,53,0.85
442,Bafq,IR,2021-06-06 04:53:49,31.6128,55.4107,99.34,6,0,8.21
443,Malindi,KE,2021-06-06 04:53:49,-3.2175,40.1191,78.96,83,75,17.27
444,Riyadh,SA,2021-06-06 04:51:50,24.6877,46.7219,98.65,6,0,8.05
445,Bubaque,GW,2021-06-06 04:53:49,11.2833,-15.8333,79.47,84,99,11.86
446,Irbeyskoye,RU,2021-06-06 04:53:50,55.6428,95.4522,52.45,80,86,14.45
447,Preobrazheniye,RU,2021-06-06 04:53:50,42.9019,133.9064,63.86,61,21,14.81
448,Saraza,PH,2021-06-06 04:53:50,8.7356,117.78,84.42,76,100,3.47
449,Conceicao Do Araguaia,BR,2021-06-06 04:52:09,-8.2578,-49.2647,78.93,78,0,1.34
450,Hefei,CN,2021-06-06 04:53:51,31.8639,117.2808,91.42,38,0,8.95
451,Kutum,SD,2021-06-06 04:53:51,14.2,24.6667,75.78,19,8,5.91
452,Sungaipenuh,ID,2021-06-06 04:53:51,-2.0833,101.3833,76.71,67,52,4.41
453,Ketchikan,US,2021-06-06 04:53:52,55.3422,-131.6461,48.18,94,100,5.17
454,Westport,US,2021-06-06 04:53:52,41.1415,-73.3579,80.1,79,41,6.6
455,Guasdualito,VE,2021-06-06 04:53:52,7.2424,-70.7324,72.99,99,100,0.98
456,Denton,US,2021-06-06 04:52:29,33.2001,-97.1336,73.96,88,1,1.01
457,Sarangani,PH,2021-06-06 04:53:53,5.4033,125.4636,82.56,72,99,14.79
458,Bassar,TG,2021-06-06 04:53:53,9.25,0.7833,70.93,91,39,1.63
459,San Patricio,US,2021-06-06 04:53:53,28.017,-97.5169,82.26,86,0,7.56
460,Ahuimanu,US,2021-06-06 04:53:54,21.4447,-157.8378,79.75,70,40,12.66
461,Telhara,IN,2021-06-06 04:53:54,21.0269,76.8389,84.25,56,96,0.2
462,Omsukchan,RU,2021-06-06 04:53:54,62.5333,155.8,46.72,72,75,13.18
463,Puerto Ayacucho,VE,2021-06-06 04:53:55,5.6639,-67.6236,74.32,90,34,3.87
464,Lompoc,US,2021-06-06 04:53:55,34.6391,-120.4579,59.56,81,90,6.91
465,Dolores,AR,2021-06-06 04:53:55,-36.3132,-57.6792,42.91,66,4,6.11
466,Gravdal,NO,2021-06-06 04:53:56,68.1214,13.5031,51.76,75,13,8.23
467,Marienburg,PL,2021-06-06 04:49:44,54.0359,19.0266,60.06,67,0,4.5
468,Grand Gaube,MU,2021-06-06 04:53:56,-20.0064,57.6608,78.39,78,71,3.0
469,Kavaratti,IN,2021-06-06 04:53:56,10.5669,72.642,83.08,75,94,14.05
470,Coquimbo,CL,2021-06-06 04:53:57,-29.9533,-71.3436,56.93,88,90,0.74
471,Clearlake,US,2021-06-06 04:53:57,38.9582,-122.6264,63.81,44,48,5.59
472,Zapolyarnyy,RU,2021-06-06 04:53:57,69.4154,30.8136,42.08,56,9,15.3
473,Whitecourt,CA,2021-06-06 04:53:57,54.1502,-115.6855,52.84,66,75,5.75
474,Qandala,SO,2021-06-06 04:53:58,11.472,49.8728,93.45,46,17,3.27
475,Marondera,ZW,2021-06-06 04:52:14,-18.1853,31.5519,39.47,93,69,8.63
476,Tugulym,RU,2021-06-06 04:53:58,57.0591,64.6425,73.47,34,3,9.71
477,Didsbury,GB,2021-06-06 04:52:13,53.417,-2.2315,59.76,83,90,3.0
478,Luba,GQ,2021-06-06 04:53:59,3.4568,8.5547,75.9,95,100,7.18
479,Lashio,MM,2021-06-06 04:53:59,22.9333,97.75,83.55,63,54,2.48
480,Los Llanos De Aridane,ES,2021-06-06 04:53:59,28.6585,-17.9182,62.35,79,75,13.56
481,Esperance,AU,2021-06-06 04:54:00,-33.8667,121.9,67.84,56,27,19.6
482,Ciudad Bolivar,VE,2021-06-06 04:54:00,8.1222,-63.5497,74.88,90,97,14.63
483,Taldan,RU,2021-06-06 04:54:01,53.6667,124.8,80.4,21,5,6.04
484,Comodoro Rivadavia,AR,2021-06-06 04:54:01,-45.8667,-67.5,42.66,61,0,10.36
485,Waverly,US,2021-06-06 04:54:01,42.7392,-84.6208,75.47,70,1,12.59
486,Marmaris,TR,2021-06-06 04:54:02,36.855,28.2742,73.35,39,0,5.53
487,Maumere,ID,2021-06-06 04:54:02,-8.6199,122.2111,84.22,65,16,4.76
488,Umred,IN,2021-06-06 04:54:02,20.85,79.3333,93.49,57,97,6.46
489,Ostrovnoy,RU,2021-06-06 04:54:03,68.0531,39.5131,41.65,70,76,13.35
490,Russkaya Polyana,UA,2021-06-06 04:54:03,49.417,31.9201,57.11,85,51,6.38
491,Sobolevo,RU,2021-06-06 04:54:03,54.4299,31.8996,60.19,74,66,7.56
492,Colac,AU,2021-06-06 04:54:03,-38.3333,143.5833,62.01,81,100,13.94
493,Mashhad,IR,2021-06-06 04:54:04,36.297,59.6062,84.34,48,0,9.22
494,Codrington,AU,2021-06-06 04:54:04,-38.2667,141.9667,60.98,74,100,15.84
495,Mattru,SL,2021-06-06 04:54:04,7.6244,-11.8332,73.81,97,89,2.19
496,Lerwick,GB,2021-06-06 04:54:05,60.1545,-1.1494,46.4,81,15,4.99
497,Newport,GB,2021-06-06 04:54:05,51.5877,-2.9984,60.08,92,100,3.71
498,Lhokseumawe,ID,2021-06-06 04:54:05,5.1801,97.1507,85.06,66,82,4.52
499,Dingle,PH,2021-06-06 04:54:06,10.9995,122.6711,84.99,72,100,9.06
500,Ruginesti,RO,2021-06-06 04:54:06,46.0667,27.1167,58.95,78,98,4.59
501,Bhanvad,IN,2021-06-06 04:54:06,21.9264,69.7736,89.04,47,3,9.55
502,Deputatskiy,RU,2021-06-06 04:54:07,69.3,139.9,38.98,60,96,9.53
503,Ratnagiri,IN,2021-06-06 04:54:07,16.9833,73.3,84.9,67,39,4.03
504,Paamiut,GL,2021-06-06 04:54:07,61.994,-49.6678,38.77,95,100,10.33
505,Misratah,LY,2021-06-06 04:54:08,32.3754,15.0925,69.96,66,34,8.88
506,Faaborg,DK,2021-06-06 04:54:08,55.0951,10.2423,60.8,71,100,7.56
507,Faanui,PF,2021-06-06 04:54:08,-16.4833,-151.75,80.76,74,10,9.31
508,Tucuman,AR,2021-06-06 04:54:08,-26.8241,-65.2226,60.8,72,90,3.38
509,Maymyo,MM,2021-06-06 04:54:09,22.0333,96.4667,81.77,75,88,6.22
510,Kijang,KR,2021-06-06 04:54:09,35.2442,129.2139,80.33,65,2,16.53
511,Tema,GH,2021-06-06 04:54:10,5.667,-0.0166,79.21,89,0,3.36
512,Natchez,US,2021-06-06 04:53:13,31.5604,-91.4032,71.82,91,75,5.75
513,Bunbury,AU,2021-06-06 04:54:10,-33.3333,115.6333,60.82,75,97,19.1
514,Borba,BR,2021-06-06 04:54:10,-4.3878,-59.5939,73.81,96,100,2.86
515,Tallahassee,US,2021-06-06 04:50:02,30.4383,-84.2807,78.64,90,1,0.0
516,Inhambane,MZ,2021-06-06 04:54:11,-23.865,35.3833,62.58,100,75,5.99
517,Cairo,EG,2021-06-06 04:51:31,30.0626,31.2497,70.56,30,3,9.06
518,Bitung,ID,2021-06-06 04:54:11,1.4451,125.1824,88.65,74,88,11.88
519,Brae,GB,2021-06-06 04:54:11,60.3964,-1.353,46.31,82,53,5.5
520,Marapanim,BR,2021-06-06 04:54:12,-0.7175,-47.6997,73.83,95,34,3.2
521,Botwood,CA,2021-06-06 04:54:12,49.1499,-55.3482,58.48,88,99,12.97
522,Husavik,IS,2021-06-06 04:54:12,66.0449,-17.3389,44.51,74,69,7.9
523,Saint George,US,2021-06-06 04:49:33,37.1041,-113.5841,93.79,10,1,9.22
524,Margate,GB,2021-06-06 04:54:13,51.3813,1.3862,58.21,84,13,1.01
525,Jackson,US,2021-06-06 04:50:17,42.4165,-122.8345,62.47,39,1,9.22
526,Batticaloa,LK,2021-06-06 04:54:13,7.7102,81.6924,85.19,65,97,1.32
527,Dossor,KZ,2021-06-06 04:54:13,47.5272,52.9811,74.61,33,88,7.99
528,Nome,US,2021-06-06 04:54:14,64.5011,-165.4064,35.17,94,100,9.46
529,Talavera,PH,2021-06-06 04:54:14,15.6167,120.9333,90.68,46,100,5.32
530,Shihezi,CN,2021-06-06 04:54:14,44.3,86.0333,65.82,40,92,2.48
531,George Town,MY,2021-06-06 04:53:02,5.4112,100.3354,88.9,68,40,5.01
532,Kalemie,CD,2021-06-06 04:54:15,-5.9475,29.1947,73.6,71,78,12.46
533,Prainha,BR,2021-06-06 04:54:15,-1.8,-53.48,73.26,90,34,2.57
534,Tezu,IN,2021-06-06 04:54:15,27.9167,96.1667,77.05,89,98,0.27
535,Egvekinot,RU,2021-06-06 04:54:15,66.3167,-179.1667,40.12,62,71,1.28
536,Sarvar,HU,2021-06-06 04:54:16,47.2539,16.9352,63.97,84,93,11.23
537,Revda,RU,2021-06-06 04:54:16,56.801,59.9303,70.61,38,6,4.27
538,Puri,IN,2021-06-06 04:54:16,19.8,85.85,93.72,68,4,17.76
539,Tabou,CI,2021-06-06 04:54:17,4.423,-7.3528,76.37,91,82,3.71
540,Khandyga,RU,2021-06-06 04:54:17,62.6667,135.6,80.17,33,87,12.01
541,Joetsu,JP,2021-06-06 04:54:17,37.1483,138.2364,83.71,55,100,2.95
542,Garden City,US,2021-06-06 04:54:18,42.3256,-83.331,76.95,65,1,9.15
543,Padang,ID,2021-06-06 04:54:18,-0.9492,100.3543,85.03,62,85,4.29
544,Skibotn,NO,2021-06-06 04:54:18,69.3913,20.2679,44.69,72,19,3.24
545,Kathmandu,NP,2021-06-06 04:53:58,27.7167,85.3167,79.02,69,40,3.44
546,Parry Sound,CA,2021-06-06 04:54:19,45.3501,-80.033,66.25,77,48,8.01
547,Taketoyo,JP,2021-06-06 04:54:19,34.85,136.9167,73.33,78,75,2.64
548,Novikovo,RU,2021-06-06 04:54:20,51.1537,37.8879,55.4,94,97,6.96
549,Lewistown,US,2021-06-06 04:54:20,40.5992,-77.5714,72.34,83,1,0.0
550,Kloulklubed,PW,2021-06-06 04:54:20,7.0419,134.2556,82.9,75,83,7.72
551,Male,MV,2021-06-06 04:54:21,4.1748,73.5089,85.95,74,40,17.27
552,Zhanaozen,KZ,2021-06-06 04:54:21,43.3,52.8,76.75,45,14,16.78
553,Emerald,AU,2021-06-06 04:54:21,-23.5333,148.1667,69.35,30,0,8.05
554,Melbu,NO,2021-06-06 04:54:21,68.5044,14.8297,50.22,66,20,6.69
555,Rosarito,MX,2021-06-06 04:54:22,32.3333,-117.0333,62.4,82,1,3.13
556,Oktyabrskiy,RU,2021-06-06 04:54:22,54.4815,53.471,61.95,49,87,5.79
557,Chicama,PE,2021-06-06 04:54:22,-7.8447,-79.1469,65.44,86,94,4.81
558,Rio Gallegos,AR,2021-06-06 04:54:23,-51.6226,-69.2181,35.65,75,90,11.5
559,Alyangula,AU,2021-06-06 04:54:23,-13.8483,136.4192,82.27,57,75,11.65
560,Bereznik,RU,2021-06-06 04:54:23,62.8551,42.7072,69.58,45,42,4.88
561,Sorong,ID,2021-06-06 04:54:23,-0.8833,131.25,85.89,66,100,11.9
562,Pribinic,BA,2021-06-06 04:54:24,44.6106,17.6906,61.21,80,2,2.21
563,Pimentel,PE,2021-06-06 04:54:24,-6.8367,-79.9342,66.99,85,100,9.6
564,Mount Gambier,AU,2021-06-06 04:54:24,-37.8333,140.7667,62.51,72,75,19.57
565,Steamboat Springs,US,2021-06-06 04:54:25,40.485,-106.8317,63.99,67,1,0.0
566,Henties Bay,NA,2021-06-06 04:54:25,-22.116,14.2845,75.85,29,0,28.7
567,Wanaka,NZ,2021-06-06 04:54:25,-44.7,169.15,49.23,90,83,2.68
568,Rock Sound,BS,2021-06-06 04:54:26,24.9,-76.2,78.67,83,19,19.26
569,Mookane,BW,2021-06-06 04:54:26,-23.688,26.6595,42.1,83,0,5.23
570,Panalingaan,PH,2021-06-06 04:54:26,8.7842,117.4231,87.04,66,100,5.77
571,Mogadishu,SO,2021-06-06 04:54:27,2.0371,45.3438,80.47,69,75,13.8
572,Walvis Bay,NA,2021-06-06 04:54:27,-22.9575,14.5053,76.08,21,0,28.97
573,Port Lincoln,AU,2021-06-06 04:54:27,-34.7333,135.8667,66.0,54,35,20.13
574,Visnes,NO,2021-06-06 04:54:28,59.3556,5.2242,59.58,88,75,4.61
575,Severnoye,RU,2021-06-06 04:54:28,56.3491,78.3619,69.08,57,28,14.18
576,Solnechnyy,RU,2021-06-06 04:54:28,50.7214,136.6319,56.84,72,79,3.4
577,Nyimba,ZM,2021-06-06 04:54:28,-14.5566,30.8149,59.16,66,99,8.25
